{"group":0,"avg(PM10)":42.2}
{"group":1,"avg(PM10)":3.3333333333333335}
{"group":3,"avg(PM10)":1.6}
{"group":4,"avg(PM10)":14.0}
{"group":5,"avg(PM10)":2.3333333333333335}
